{
	"info": {
		"_postman_id": "bf422607-b91b-49fc-b7ed-4b7a0b69d0b1",
		"name": "DSD_Server",
		"schema": "https://schema.getpostman.com/json/collection/v2.1.0/collection.json"
	},
	"item": [
		{
			"name": "User",
			"item": [
				{
					"name": "Case 1 - Login - Login existente",
					"event": [
						{
							"listen": "test",
							"script": {
								"exec": [
									"pm.test(\"Status code is 200 joao\", function () {\r",
									"    pm.response.to.have.status(200);\r",
									"});\r",
									"\r",
									"pm.test(\"Response contains 'LoginSucceed'\", function () {\r",
									"    var jsonData = pm.response.json();\r",
									"    pm.expect(jsonData.message).to.equal(\"LoginSucceed\");\r",
									"});\r",
									""
								],
								"type": "text/javascript"
							}
						}
					],
					"request": {
						"method": "POST",
						"header": [
							{
								"key": "Content-Type",
								"value": "application/json"
							}
						],
						"body": {
							"mode": "raw",
							"raw": "{\n    \"type\": \"Login\",\n    \"id\": \"MyId\",\n    \"password\": \"MyPassword\"\n}"
						},
						"url": {
							"raw": "http://localhost:12345",
							"protocol": "http",
							"host": [
								"localhost"
							],
							"port": "12345"
						}
					},
					"response": []
				},
				{
					"name": "Case 2 - Login - Login não existente",
					"event": [
						{
							"listen": "test",
							"script": {
								"exec": [
									"pm.test(\"Status code is 200 joao\", function () {\r",
									"    pm.response.to.have.status(200);\r",
									"});\r",
									"\r",
									"pm.test(\"Response contains 'LoginSucceed'\", function () {\r",
									"    var jsonData = pm.response.json();\r",
									"    pm.expect(jsonData.message).to.equal(\"LoginSucceed\");\r",
									"});\r",
									""
								],
								"type": "text/javascript"
							}
						}
					],
					"request": {
						"method": "POST",
						"header": [
							{
								"key": "Content-Type",
								"value": "application/json"
							}
						],
						"body": {
							"mode": "raw",
							"raw": "{\n    \"type\": \"Login\",\n    \"id\": \"MyId\",\n    \"password\": \"MyPassword\"\n}"
						},
						"url": {
							"raw": "http://localhost:12345",
							"protocol": "http",
							"host": [
								"localhost"
							],
							"port": "12345"
						}
					},
					"response": []
				}
			]
		},
		{
			"name": "Sistema Generico",
			"item": [
				{
					"name": "Case 3 - Enviar tipo invalido",
					"event": [
						{
							"listen": "test",
							"script": {
								"exec": [
									"pm.test(\"Should return a error message\", function () {\r",
									"    var jsonData = pm.response.json();\r",
									"    pm.expect(jsonData.type).to.equal(\"Error\");\r",
									"    pm.expect(jsonData[\"network.message\"]).to.equal(\"RequestTypeUnknown\");\r",
									"});\r",
									"\r",
									"\r",
									""
								],
								"type": "text/javascript"
							}
						}
					],
					"request": {
						"method": "POST",
						"header": [
							{
								"key": "Content-Type",
								"value": "application/json"
							}
						],
						"body": {
							"mode": "raw",
							"raw": "{\n    \"type\": \"RandomType\"\n}"
						},
						"url": {
							"raw": "http://localhost:12345",
							"protocol": "http",
							"host": [
								"localhost"
							],
							"port": "12345"
						}
					},
					"response": []
				}
			]
		},
		{
			"name": "Register",
			"item": [
				{
					"name": "Case 4 - registar novo utilizador",
					"event": [
						{
							"listen": "test",
							"script": {
								"exec": [
									"pm.test(\"Status code is 200 joao\", function () {\r",
									"    pm.response.to.have.status(200);\r",
									"});\r",
									"\r",
									"pm.test(\"Response contains 'RegisterSucceed'\", function () {\r",
									"    var jsonData = pm.response.json();\r",
									"    pm.expect(jsonData.message).to.equal(\"RegisterSucceed\");\r",
									"});\r",
									""
								],
								"type": "text/javascript"
							}
						}
					],
					"request": {
						"method": "POST",
						"header": [
							{
								"key": "Content-Type",
								"value": "application/json"
							}
						],
						"body": {
							"mode": "raw",
							"raw": "{\n    \"type\": \"Register\",\n    \"id\": \"id\",\n    \"password\": \"password\",\n    \"username\": \"username\",\n    \"email\": \"email\",\n    \"phoneNumber\": \"phoneNumber\",\n    \"birthday\": \"birthday\"\n}\n\n"
						},
						"url": {
							"raw": "http://localhost:12345",
							"protocol": "http",
							"host": [
								"localhost"
							],
							"port": "12345"
						}
					},
					"response": []
				}
			]
		},
		{
			"name": "ChangeUserInfo",
			"event": [
				{
					"listen": "prerequest",
					"script": {
						"exec": [
							""
						],
						"type": "text/javascript"
					}
				},
				{
					"listen": "test",
					"script": {
						"exec": [
							"pm.test(\"Response contains 'ChangeUserInfoSucceed'\", function () {\r",
							"    var jsonData = pm.response.json();\r",
							"    pm.expect(jsonData.message).to.equal(\"ChangeUserInfoSucceed\");\r",
							"});\r",
							""
						],
						"type": "text/javascript"
					}
				}
			],
			"request": {
				"method": "POST",
				"header": [
					{
						"key": "Content-Type",
						"value": "application/json"
					}
				],
				"body": {
					"mode": "raw",
					"raw": "{\n  \"type\": \"ChangeUserInfo\",\n  \"id\": \"example_id\",\n  \"password\": \"example_password\",\n  \"username\": \"example_username\",\n  \"email\": \"example_email@example.com\",\n  \"phoneNumber\": \"1234567890\",\n  \"birthday\": \"2000-01-01\"\n}"
				},
				"url": {
					"raw": "http://localhost:12345",
					"protocol": "http",
					"host": [
						"localhost"
					],
					"port": "12345"
				}
			},
			"response": []
		},
		{
			"name": "ConnectEquipment",
			"event": [
				{
					"listen": "prerequest",
					"script": {
						"exec": [
							""
						],
						"type": "text/javascript"
					}
				},
				{
					"listen": "test",
					"script": {
						"exec": [
							"pm.test(\"Response contains 'ConnectEquipmentSucceed'\", function () {\r",
							"    var jsonData = pm.response.json();\r",
							"    pm.expect(jsonData.message).to.equal(\"ConnectEquipmentSucceed\");\r",
							"});\r",
							""
						],
						"type": "text/javascript"
					}
				}
			],
			"request": {
				"method": "POST",
				"header": [
					{
						"key": "Content-Type",
						"value": "application/json"
					}
				],
				"body": {
					"mode": "raw",
					"raw": "{\n  \"type\": \"ConnectEquipment\",\n  \"id\": \"example_id\",\n  \"ip\": \"192.168.0.1\",\n  \"port\": 8080\n}"
				},
				"url": {
					"raw": "http://localhost:12345",
					"protocol": "http",
					"host": [
						"localhost"
					],
					"port": "12345"
				}
			},
			"response": []
		},
		{
			"name": "disconnectEquipment",
			"event": [
				{
					"listen": "prerequest",
					"script": {
						"exec": [
							""
						],
						"type": "text/javascript"
					}
				},
				{
					"listen": "test",
					"script": {
						"exec": [
							"pm.test(\"Response contains 'DisconnectEquipmentResponse'\", function () {\r",
							"    var jsonData = pm.response.json();\r",
							"    pm.expect(jsonData.message).to.equal(\"DisconnectEquipmentResponse\");\r",
							"});\r",
							""
						],
						"type": "text/javascript"
					}
				}
			],
			"request": {
				"method": "POST",
				"header": [
					{
						"key": "Content-Type",
						"value": "application/json"
					}
				],
				"body": {
					"mode": "raw",
					"raw": "{\n  \"type\": \"DisconnectEquipment\",\n  \"id\": \"example_id\"\n}"
				},
				"url": {
					"raw": "http://localhost:12345",
					"protocol": "http",
					"host": [
						"localhost"
					],
					"port": "12345"
				}
			},
			"response": []
		},
		{
			"name": "getData",
			"event": [
				{
					"listen": "prerequest",
					"script": {
						"exec": [
							""
						],
						"type": "text/javascript"
					}
				},
				{
					"listen": "test",
					"script": {
						"exec": [
							"pm.test(\"Response contains 'DisconnectEquipmentResponse'\", function () {\r",
							"    var jsonData = pm.response.json();\r",
							"    pm.expect(jsonData.message).to.equal(\"DisconnectEquipmentResponse\");\r",
							"});\r",
							""
						],
						"type": "text/javascript"
					}
				}
			],
			"request": {
				"method": "POST",
				"header": [
					{
						"key": "Content-Type",
						"value": "application/json"
					}
				],
				"body": {
					"mode": "raw",
					"raw": "{\n  \"type\": \"GetData\",\n  \"id\": \"example_id\"\n}"
				},
				"url": {
					"raw": "http://localhost:12345",
					"protocol": "http",
					"host": [
						"localhost"
					],
					"port": "12345"
				}
			},
			"response": []
		},
		{
			"name": "discardData",
			"event": [
				{
					"listen": "prerequest",
					"script": {
						"exec": [
							"pm.test(\"Response contains 'DiscardDataSucceed'\", function () {\r",
							"    var responseBody = pm.response.text();\r",
							"    pm.expect(responseBody).to.include(\"DiscardDataSucceed\");\r",
							"});"
						],
						"type": "text/javascript"
					}
				}
			],
			"request": {
				"method": "POST",
				"header": [
					{
						"key": "Content-Type",
						"value": "application/json"
					}
				],
				"body": {
					"mode": "raw",
					"raw": "{\n  \"type\": \"DiscardData\",\n  \"id\": \"example_id\",\n  \"startTime\": \"2023-05-18 10:00:00\"\n}"
				},
				"url": {
					"raw": "http://localhost:12345",
					"protocol": "http",
					"host": [
						"localhost"
					],
					"port": "12345"
				}
			},
			"response": []
		},
		{
			"name": "changeLabel",
			"event": [
				{
					"listen": "prerequest",
					"script": {
						"exec": [
							""
						],
						"type": "text/javascript"
					}
				},
				{
					"listen": "test",
					"script": {
						"exec": [
							"pm.test(\"Status code is 200\", function () {\r",
							"    pm.response.to.have.status(200);\r",
							"});\r",
							"\r",
							"\r",
							"\r",
							"// pm.test(\"Response contains 'ChangeLabelSucceed'\", function () {\r",
							"//     var jsonData = pm.response.json();\r",
							"//     pm.expect(jsonData.message).to.equal(\"ChangeLabelSucceed\");\r",
							"// });\r",
							"\r",
							"// pm.test(\"Status code is 200 joao\", function () {\r",
							"//     pm.response.to.have.status(200);\r",
							"// });\r",
							"\r",
							"// pm.test(\"Response contains 'LoginSucceed'\", function () {\r",
							"//     var jsonData = pm.response.json();\r",
							"//     pm.expect(jsonData.message).to.equal(\"LoginSucceed\");\r",
							"// });\r",
							"\r",
							""
						],
						"type": "text/javascript"
					}
				}
			],
			"request": {
				"method": "POST",
				"header": [
					{
						"key": "Content-Type",
						"value": "application/json"
					}
				],
				"body": {
					"mode": "raw",
					"raw": "{\n  \"type\": \"ChangeLabel\",\n  \"account\": \"example_account\",\n  \"startTime\": \"2023-05-18 10:00:00\",\n  \"label\": \"example_label\"\n}"
				},
				"url": {
					"raw": "http://localhost:12345",
					"protocol": "http",
					"host": [
						"localhost"
					],
					"port": "12345"
				}
			},
			"response": []
		},
		{
			"name": "collectData",
			"event": [
				{
					"listen": "prerequest",
					"script": {
						"exec": [
							""
						],
						"type": "text/javascript"
					}
				},
				{
					"listen": "test",
					"script": {
						"exec": [
							"pm.test(\"Response contains 'CollectDataSucceed'\", function () {\r",
							"    var jsonData = pm.response.json();\r",
							"    pm.expect(jsonData.message).to.equal(\"CollectDataSucceed\");\r",
							"});\r",
							""
						],
						"type": "text/javascript"
					}
				}
			],
			"request": {
				"method": "POST",
				"header": [
					{
						"key": "Content-Type",
						"value": "application/json"
					}
				],
				"body": {
					"mode": "raw",
					"raw": "{\n  \"type\": \"CollectData\",\n  \"userID\": \"example_userID\",\n  \"label\": \"example_label\"\n}"
				},
				"url": {
					"raw": "http://localhost:12345",
					"protocol": "http",
					"host": [
						"localhost"
					],
					"port": "12345"
				}
			},
			"response": []
		},
		{
			"name": "collectDataStop",
			"event": [
				{
					"listen": "prerequest",
					"script": {
						"exec": [
							""
						],
						"type": "text/javascript"
					}
				},
				{
					"listen": "test",
					"script": {
						"exec": [
							"pm.test(\"Response contains 'CollectDataStopSucceed'\", function () {\r",
							"    var jsonData = pm.response.json();\r",
							"    pm.expect(jsonData.message).to.equal(\"CollectDataStopSucceed\");\r",
							"});\r",
							""
						],
						"type": "text/javascript"
					}
				}
			],
			"request": {
				"method": "POST",
				"header": [
					{
						"key": "Content-Type",
						"value": "application/json"
					}
				],
				"body": {
					"mode": "raw",
					"raw": "{\n  \"type\": \"CollectDataStop\",\n  \"userID\": \"example_userID\"\n}"
				},
				"url": {
					"raw": "http://localhost:12345",
					"protocol": "http",
					"host": [
						"localhost"
					],
					"port": "12345"
				}
			},
			"response": []
		},
		{
			"name": "getPrediction",
			"event": [
				{
					"listen": "prerequest",
					"script": {
						"exec": [
							""
						],
						"type": "text/javascript"
					}
				},
				{
					"listen": "test",
					"script": {
						"exec": [
							"pm.test(\"Check 'type' field for errors\", function () {\r",
							"    var jsonData = pm.response.json();\r",
							"    var errorType = \"Error\";\r",
							"    var responseType = jsonData.type;\r",
							"\r",
							"    pm.expect(errorTypes).not.to.include(responseType, \"Response contains an error type\");\r",
							"});"
						],
						"type": "text/javascript"
					}
				}
			],
			"request": {
				"method": "POST",
				"header": [
					{
						"key": "Content-Type",
						"value": "application/json"
					}
				],
				"body": {
					"mode": "raw",
					"raw": "{\n  \"type\": \"GetPrediction\",\n  \"userID\": \"example_userID\"\n}"
				},
				"url": {
					"raw": "http://localhost:12345",
					"protocol": "http",
					"host": [
						"localhost"
					],
					"port": "12345"
				}
			},
			"response": []
		}
	]
}