{
	"info": {
		"_postman_id": "bf422607-b91b-49fc-b7ed-4b7a0b69d0b1",
		"name": "DSD_Server",
		"schema": "https://schema.getpostman.com/json/collection/v2.1.0/collection.json"
	},
	"item": [
		{
			"name": "User",
			"item": [
				{
					"name": "Case 1 - Login - Login existente",
					"event": [
						{
							"listen": "test",
							"script": {
								"exec": [
									"pm.test(\"Status code is 200 joao\", function () {\r",
									"    pm.response.to.have.status(200);\r",
									"});\r",
									"\r",
									"pm.test(\"Response contains 'LoginSucceed'\", function () {\r",
									"    var jsonData = pm.response.json();\r",
									"    pm.expect(jsonData.message).to.equal(\"LoginSucceed\");\r",
									"});\r",
									""
								],
								"type": "text/javascript"
							}
						}
					],
					"request": {
						"method": "POST",
						"header": [
							{
								"key": "Content-Type",
								"value": "application/json"
							}
						],
						"body": {
							"mode": "raw",
							"raw": "{\n    \"type\": \"Login\",\n    \"id\": \"MyId\",\n    \"password\": \"MyPassword\"\n}"
						},
						"url": {
							"raw": "http://localhost:12345",
							"protocol": "http",
							"host": [
								"localhost"
							],
							"port": "12345"
						}
					},
					"response": []
				}
			]
		},
		{
			"name": "Sistema Generico",
			"item": [
				{
					"name": "Case 3 - Enviar tipo invalido",
					"event": [
						{
							"listen": "test",
							"script": {
								"exec": [
									"pm.test(\"Should return a error message\", function () {\r",
									"    var jsonData = pm.response.json();\r",
									"    pm.expect(jsonData.type).to.equal(\"Error\");\r",
									"    pm.expect(jsonData[\"network.message\"]).to.equal(\"RequestTypeUnknown\");\r",
									"});\r",
									"\r",
									"\r",
									""
								],
								"type": "text/javascript"
							}
						}
					],
					"request": {
						"method": "POST",
						"header": [
							{
								"key": "Content-Type",
								"value": "application/json"
							}
						],
						"body": {
							"mode": "raw",
							"raw": "{\n    \"type\": \"RandomType\"\n}"
						},
						"url": {
							"raw": "http://localhost:12345",
							"protocol": "http",
							"host": [
								"localhost"
							],
							"port": "12345"
						}
					},
					"response": []
				}
			]
		},
		{
			"name": "Register",
			"item": [
				{
					"name": "Case 4 - registar novo utilizador",
					"event": [
						{
							"listen": "test",
							"script": {
								"exec": [
									"pm.test(\"Status code is 200 joao\", function () {\r",
									"    pm.response.to.have.status(200);\r",
									"});\r",
									"\r",
									"pm.test(\"Response contains 'RegisterSucceed'\", function () {\r",
									"    var jsonData = pm.response.json();\r",
									"    pm.expect(jsonData.message).to.equal(\"RegisterSucceed\");\r",
									"});\r",
									""
								],
								"type": "text/javascript"
							}
						}
					],
					"request": {
						"method": "POST",
						"header": [
							{
								"key": "Content-Type",
								"value": "application/json"
							}
						],
						"body": {
							"mode": "raw",
							"raw": "{\n    \"type\": \"Register\",\n    \"id\": \"id\",\n    \"password\": \"password\",\n    \"username\": \"username\",\n    \"email\": \"email\",\n    \"phoneNumber\": \"phoneNumber\",\n    \"birthday\": \"birthday\"\n}\n\n"
						},
						"url": {
							"raw": "http://localhost:12345",
							"protocol": "http",
							"host": [
								"localhost"
							],
							"port": "12345"
						}
					},
					"response": []
				}
			]
		}
	]
}